URL_ID,URL
url001,https://www.cnn.com/2024/07/26/politics/fbi-trump-interview-assassination-attempt/index.html
url002,https://www.cnn.com/2024/07/26/politics/fbi-trump-interview-assassination-attempt/index.html
url003,https://www.cnn.com/2024/07/26/politics/martin-indyk-former-ambassador-to-israel-dies/index.html
url004,https://www.cnn.com/2024/07/26/politics/trump-netanyahu-meeting-mar-a-lago/index.html
url005,https://www.cnn.com/2024/07/25/politics/harris-netanyahu-israel-hamas-ceasefire/index.html
url006,https://www.cnn.com/2024/07/20/politics/senate-race-rankings-july-2024/index.html
url007,https://www.cnn.com/2024/07/26/politics/harris-ballot-legal-obstacles-48-states/index.html
url008,https://www.cnn.com/2024/07/26/politics/barack-michelle-obama-kamala-harris-endorsement/index.html
url009,https://www.cnn.com/2024/07/26/politics/doug-emhoff-kamala-harris-2024-bid/index.html
url010,https://www.cnn.com/2024/07/25/politics/biden-oval-office-address-analysis/index.html
url011,https://www.cnn.com/2024/07/25/politics/biden-oval-office-address-analysis/index.html
url012,https://www.cnn.com/2024/07/24/politics/polling-harris-voters-color-women/index.html
url013,https://www.cnn.com/2024/07/24/politics/joe-biden-25th-amendment-what-matters/index.html
url014,https://www.cnn.com/2024/07/24/politics/vance-trump-dominance-gop/index.html
url015,https://www.cnn.com/2024/07/23/politics/netanyahu-congress-presidents-what-matters/index.html
url016,https://www.cnn.com/2024/07/23/politics/vice-presidents-kamala-harris-what-matters/index.html
url017,https://www.cnn.com/2024/06/28/politics/election-biden-presidential-race-what-matters/index.html
url018,https://www.cnn.com/2024/07/23/politics/kamala-harris-challenges-ahead-analysis/index.html
url019,https://www.cnn.com/2024/07/22/politics/election-biden-harris-what-matters/index.html
url020,https://www.cnn.com/2024/07/26/politics/video/kamala-harris-barack-michelle-obama-endorsement-president-ctm-ldn-digvid
url021,https://www.cnn.com/2024/07/26/politics/video/kamala-harris-barack-michelle-obama-endorsement-president-ctm-ldn-digvid
url022,https://www.cnn.com/2024/07/25/politics/older-democrats-biden-harris-pennsylvania/index.html
url023,https://www.cnn.com/2024/07/25/politics/older-democrats-biden-harris-pennsylvania/index.html
url024,https://www.cnn.com/2024/07/22/politics/democratic-voters-kamala-harris-excitement/index.html
url025,https://www.cnn.com/2024/07/22/politics/democratic-voters-kamala-harris-excitement/index.html
url026,https://www.cnn.com/2024/07/25/politics/fact-check-trump-false-claims-kamala-harris/index.html
url027,https://www.cnn.com/2024/07/25/politics/fact-check-trump-false-claims-kamala-harris/index.html
url028,https://www.cnn.com/2024/07/24/politics/fact-check-harris-project-2025-trump/index.html
url029,https://www.cnn.com/2024/07/24/politics/fact-check-harris-project-2025-trump/index.html
url030,https://www.cnn.com/2024/07/26/politics/kfile-kamala-harris-praised-defund-the-police-movement-in-june-2020/index.html
url031,https://www.cnn.com/2024/07/26/politics/kfile-kamala-harris-praised-defund-the-police-movement-in-june-2020/index.html
url032,https://www.cnn.com/2024/07/23/politics/kfile-jd-vance-believed-donald-trump-sexual-assault-allegations-2016/index.html
url033,https://www.cnn.com/2024/07/23/politics/kfile-jd-vance-believed-donald-trump-sexual-assault-allegations-2016/index.html
url034,https://www.cnn.com/2024/07/03/politics/lbj-biden-what-matters/index.html
url035,https://www.cnn.com/2024/07/03/politics/lbj-biden-what-matters/index.html
url036,https://www.cnn.com/2024/07/09/politics/senate-races-biden-analysis/index.html
url037,https://www.cnn.com/2024/07/09/politics/senate-races-biden-analysis/index.html
url038,https://www.cnn.com/2024/07/26/politics/kamala-harris-election-campaign/index.html
url039,https://www.cnn.com/2024/07/25/politics/fbi-examining-evidence-trump-assassination-attempt/index.html
url040,https://www.cnn.com/2024/07/25/politics/kamala-harris-donald-trump-presidential-debate/index.html
url041,https://www.cnn.com/2024/07/25/politics/biden-netanyahu-meeting/index.html
url042,https://www.cnn.com/2024/07/25/politics/kamala-harris-israel-policy/index.html
url043,https://www.cnn.com/2024/07/25/politics/engoron-recusal-response-trump-civil-case/index.html
url044,https://www.cnn.com/2024/07/25/politics/kagan-supreme-court-ethics-sacramento-conference/index.html
url045,https://www.cnn.com/2024/07/24/politics/fact-check-netanyahu-congress-address/index.html
url046,https://www.cnn.com/2024/07/24/politics/norad-russian-chinese-bombers-alaska/index.html
url047,https://www.cnn.com/2024/07/25/politics/nikki-haley-trump-harris-interview/index.html
url048,https://www.cnn.com/2024/07/25/politics/prosecutors-trump-hush-money/index.html
url049,https://www.cnn.com/2024/07/25/politics/jennifer-wexton-ai-voice-house-floor/index.html
url050,https://www.cnn.com/2024/07/25/politics/us-indicts-north-korean-hacker/index.html
url051,https://www.cnn.com/2024/07/25/politics/bill-barr-2020-election-fraud/index.html
url052,https://www.cnn.com/2024/07/25/politics/barack-obama-kamala-harris-endorsement/index.html
url053,https://www.cnn.com/2024/07/25/politics/jd-vance-10-days-running-mate/index.html
url054,https://www.cnn.com/2024/07/25/politics/nevada-man-threats-bragg-merchan/index.html
url055,https://www.cnn.com/2024/07/24/politics/kerstin-emhoff-defends-kamala-harris-sexism/index.html
url056,https://www.cnn.com/2024/07/25/politics/hunter-biden-lawyers-tax-indictment/index.html
url057,https://www.cnn.com/2024/07/24/politics/biden-oval-office-address-2024/index.html
url058,https://www.cnn.com/2024/07/25/politics/jill-biden-paris-olympics/index.html
url059,https://www.cnn.com/2024/07/26/europe/france-rail-network-disruption-paris-olympics-intl-hnk/index.html
url060,https://www.cnn.com/2024/07/26/europe/france-rail-network-disruption-paris-olympics-intl-hnk/index.html
url061,https://www.cnn.com/2024/07/26/world/manu-solidaire-paris-cnnheroes/index.html
url062,https://www.cnn.com/2024/07/26/uk/assisted-dying-bill-gbr-cmd-intl/index.html
url063,https://www.cnn.com/2024/07/26/india/india-laborer-diamond-intl-hnk/index.html
url064,https://www.cnn.com/2024/07/25/americas/maria-corina-machado-interview-intl-latam/index.html
url065,https://www.cnn.com/2024/07/25/americas/venezuela-election-opposition-migrate-intl-latam/index.html
url066,https://www.cnn.com/2024/07/25/world/isis-k-online-recruitment-security-threat-olympics-intl-cmd/index.html
url067,https://www.cnn.com/2024/07/25/world/isis-k-online-recruitment-security-threat-olympics-intl-cmd/index.html
url068,https://www.cnn.com/2024/07/24/asia/angkor-temples-cambodia-storm-intl-hnk/index.html
url069,https://www.cnn.com/2024/07/24/australia/surfers-leg-shark-attack-australia-intl-scli/index.html
url070,https://www.cnn.com/2024/07/24/asia/typhoon-gaemi-taiwan-china-intl-hnk/index.html
url071,https://www.cnn.com/2024/07/24/americas/darien-gap-floods-kill-migrants-intl-latam/index.html
url072,https://www.cnn.com/2024/07/24/americas/tequila-jose-cuervo-fire-mexico-intl-hnk/index.html
url073,https://www.cnn.com/2024/07/24/africa/mauritania-migrants-shipwreck-intl-latam/index.html
url074,https://www.cnn.com/2024/07/26/world/video/obamas-kamala-harris-5things-digvid
url075,https://www.cnn.com/2024/07/26/world/video/obamas-kamala-harris-5things-digvid
url076,https://www.cnn.com/2024/07/26/world/video/anti-netanyahu-protests-in-us-draw-controversy
url077,https://www.cnn.com/2024/07/26/world/video/anti-netanyahu-protests-in-us-draw-controversy
url078,https://www.cnn.com/2024/07/25/world/video/paris-mayor-anne-hidalgo-olympic-games-bell-digvid
url079,https://www.cnn.com/2024/07/25/world/video/paris-mayor-anne-hidalgo-olympic-games-bell-digvid
url080,https://www.cnn.com/2024/07/25/world/video/isis-k-resurging-paton-walsh-digvid
url081,https://www.cnn.com/2024/07/25/world/video/isis-k-resurging-paton-walsh-digvid
url082,https://www.cnn.com/2024/07/20/europe/russia-krasnodar-protest-power-cuts-intl/index.html
url083,https://www.cnn.com/2024/07/20/europe/russia-krasnodar-protest-power-cuts-intl/index.html
url084,https://www.cnn.com/2024/07/20/europe/cyprus-50-years-division-intl/index.html
url085,https://www.cnn.com/2024/07/20/europe/ukraine-zelensky-uncertainty-russia-negotiations-intl/index.html
url086,https://www.cnn.com/2024/07/19/europe/italian-journalist-giorgia-meloni-tweet-mocking-height-intl-scli/index.html
url087,https://www.cnn.com/2024/07/18/europe/putin-summer-residence-fortification/index.html
url088,https://www.cnn.com/2024/07/18/europe/europe-russia-isolationist-us-unity-intl-hnk/index.html
url089,https://www.cnn.com/2024/07/25/middleeast/israel-netanyahu-us-congress-speech-hostage-reaction-intl/index.html
url090,https://www.cnn.com/2024/07/25/middleeast/israel-netanyahu-us-congress-speech-hostage-reaction-intl/index.html
url091,https://www.cnn.com/2024/07/24/middleeast/erdogan-assad-turkey-syrian-refugees-mime-intl/index.html
url092,https://www.cnn.com/2024/07/24/middleeast/israel-restrictions-palestinian-doctors-gaza-cmd-intl/index.html
url093,https://www.cnn.com/2024/07/23/middleeast/israel-gaza-war-khan-younis-humanitarian-zone-intl/index.html
url094,https://www.cnn.com/2024/07/22/middleeast/benjamin-netanyahu-washington-dc-visit-mime-intl/index.html
url095,https://www.cnn.com/2024/07/22/middleeast/west-bank-attacks-qusra-intl/index.html
url096,https://www.cnn.com/2024/07/25/africa/ethiopia-landslide-deaths-reach-257-intl/index.html
url097,https://www.cnn.com/2024/07/25/africa/ethiopia-landslide-deaths-reach-257-intl/index.html
url098,https://www.cnn.com/2024/07/23/africa/ethiopia-landslides-intl-latam/index.html
url099,https://www.cnn.com/2024/07/23/africa/kenya-protesters-to-occupy-main-airport-intl/index.html
url100,https://www.cnn.com/2024/07/22/africa/uganda-anti-corruption-protest-intl/index.html
url101,https://www.cnn.com/2024/07/23/americas/argos-georgia-fishing-boat-sinks-falklands-intl-latam/index.html
url102,https://www.cnn.com/2024/07/23/americas/argos-georgia-fishing-boat-sinks-falklands-intl-latam/index.html
url103,https://www.cnn.com/2024/07/23/americas/analysis-venezuela-election-maduro-intl-latam/index.html
url104,https://www.cnn.com/2024/07/22/americas/sable-island-shipwreck-scli-intl/index.html
url105,https://www.cnn.com/2024/07/21/americas/venezuela-presidential-election-explainer-intl-latam/index.html
url106,https://www.cnn.com/2024/07/25/asia/philippines-flooding-manila-climate-typhoon-gaemi-intl-hnk/index.html
url107,https://www.cnn.com/2024/07/25/asia/philippines-flooding-manila-climate-typhoon-gaemi-intl-hnk/index.html
url108,https://www.cnn.com/2024/07/24/asia/nepal-saurya-airline-plane-crash-intl-hnk/index.html
url109,https://www.cnn.com/2024/07/24/asia/north-korea-trash-balloons-presidential-compound-intl-hnk/index.html
url110,https://www.cnn.com/2024/07/24/asia/reality-show-protected-bird-new-zealand-intl-hnk/index.html
url111,https://www.cnn.com/2024/07/25/style/taylor-swift-the-man-music-video/index.html
url112,https://www.cnn.com/2024/07/25/style/taylor-swift-the-man-music-video/index.html
url113,https://www.cnn.com/2024/07/25/style/puerto-rico-hair-discrimination/index.html
url114,https://www.cnn.com/2024/07/24/style/art-of-climbing-simon-carter-intl-hnk/index.html
url115,https://www.cnn.com/2024/07/24/style/underwater-roman-mosaic-scli-intl/index.html
url116,https://www.cnn.com/2024/07/24/style/gigi-hadid-midriff-top-lotw/index.html
url117,https://www.cnn.com/2024/07/26/weather/atlantic-hurricane-forecast-climate/index.html
url118,https://www.cnn.com/2024/07/26/weather/atlantic-hurricane-forecast-climate/index.html
url119,https://www.cnn.com/2024/07/25/weather/jasper-national-park-canada-wildfire/index.html
url120,https://www.cnn.com/2024/07/23/weather/canada-fire-jasper-national-park/index.html
url121,https://www.cnn.com/2024/07/24/world/video/protests-netanyahu-congress-israel-gaza-digvid
url122,https://www.cnn.com/2024/07/24/world/video/protests-netanyahu-congress-israel-gaza-digvid
url123,https://www.cnn.com/2024/07/24/world/video/benjamin-netanyahu-iran-axis-of-terror-congress-speech-digvid
url124,https://www.cnn.com/2024/07/24/world/video/benjamin-netanyahu-iran-axis-of-terror-congress-speech-digvid
url125,https://www.cnn.com/2024/07/24/europe/yulia-alyoshina-russian-transgender-politician-fear-intl/index.html
url126,https://www.cnn.com/2024/07/24/europe/yulia-alyoshina-russian-transgender-politician-fear-intl/index.html
url127,https://www.cnn.com/2024/07/24/world/video/pkg-syria-turkey-mclean-intl
url128,https://www.cnn.com/2024/07/24/world/video/pkg-syria-turkey-mclean-intl
url129,https://www.cnn.com/2024/07/24/world/video/biden-speech-paris-olympics-5things-digvid
url130,https://www.cnn.com/2024/07/24/world/video/biden-speech-paris-olympics-5things-digvid
url131,https://www.cnn.com/2024/07/24/world/video/nairobi-protests-escalation-madowo-ovn-ldn-digvid
url132,https://www.cnn.com/2024/07/24/world/video/nairobi-protests-escalation-madowo-ovn-ldn-digvid
url133,https://www.cnn.com/2024/07/24/world/video/brat-summer-charli-xcx-stewart-pkg-072304pseg2-cnni-world-fast
url134,https://www.cnn.com/2024/07/24/world/video/brat-summer-charli-xcx-stewart-pkg-072304pseg2-cnni-world-fast
url135,https://www.cnn.com/2024/07/24/europe/russia-moscow-troops-signing-bonus-intl-hnk/index.html
url136,https://www.cnn.com/2024/07/24/europe/russia-moscow-troops-signing-bonus-intl-hnk/index.html
url137,https://www.cnn.com/2024/07/24/world/video/palestinians-caught-between-israel-and-hamas-describe-dire-situation
url138,https://www.cnn.com/2024/07/24/world/video/palestinians-caught-between-israel-and-hamas-describe-dire-situation
url139,https://www.cnn.com/2024/07/24/australia/newzealand-abuse-care-inquriy-intl-hnk/index.html
url140,https://www.cnn.com/2024/07/24/australia/newzealand-abuse-care-inquriy-intl-hnk/index.html
url141,https://www.cnn.com/2024/07/23/asia/south-china-sea-deal-explainer-intl-hnk/index.html
url142,https://www.cnn.com/2024/07/23/asia/south-china-sea-deal-explainer-intl-hnk/index.html
url143,https://www.cnn.com/2024/07/23/world/video/the-lead-aviva-siegel-hamas-israel-hostages-biden-netanyahu-jake-tapper
url144,https://www.cnn.com/2024/07/23/world/video/the-lead-aviva-siegel-hamas-israel-hostages-biden-netanyahu-jake-tapper
url145,https://www.cnn.com/2024/07/22/style/bond-tower-tirana-albania/index.html
url146,https://www.cnn.com/2024/07/22/style/bond-tower-tirana-albania/index.html
url147,https://www.cnn.com/2024/07/19/style/skywalkers-rooftopping-documentary-culture-queue/index.html
url148,https://www.cnn.com/2024/07/18/style/rome-ancient-papal-palace/index.html
url149,https://www.cnn.com/2024/07/17/style/rajesh-vora-punjab-architecture-snap/index.html
url150,https://www.cnn.com/2024/07/25/sport/tom-aspinall-ufc304-profile-spt-intl/index.html
url151,https://www.cnn.com/2024/07/25/sport/tom-aspinall-ufc304-profile-spt-intl/index.html
url152,https://www.cnn.com/2024/07/23/tech/trump-taiwan-tsmc-chips-industry-hnk-intl/index.html
url153,https://www.cnn.com/2024/07/23/tech/trump-taiwan-tsmc-chips-industry-hnk-intl/index.html
url154,https://www.cnn.com/2024/07/23/tech/wiz-google-cybersecurity-deal-off/index.html
url155,https://www.cnn.com/2024/07/23/tech/wiz-google-cybersecurity-deal-off/index.html
url156,https://www.cnn.com/2024/07/21/tech/how-ai-helps-companies-set-prices/index.html
url157,https://www.cnn.com/2024/07/21/tech/how-ai-helps-companies-set-prices/index.html
url158,https://www.cnn.com/2024/07/26/us/california-park-fire-oregon-durkee-jasper/index.html
url159,https://www.cnn.com/2024/07/26/us/california-park-fire-oregon-durkee-jasper/index.html
url160,https://www.cnn.com/2024/07/26/us/virginia-boy-charged-swatting-calls/index.html
url161,https://www.cnn.com/2024/07/26/us/5-things-to-know-for-july-26-olympics-presidential-debate-cartel-leaders-homeless-encampments-artificial-intelligence/index.html
url162,https://www.cnn.com/2024/07/26/us/california-homeless-encampments-gavin-newsom-order/index.html
url163,https://www.cnn.com/2024/07/25/us/sinoloa-cartel-ismael-zambada-custody-report/index.html
url164,https://www.cnn.com/2024/07/25/us/durkee-fire-oregon/index.html
url165,https://www.cnn.com/2024/07/25/us/missouri-lawsuits-allege-abuse-priests-nuns/index.html
url166,https://www.cnn.com/2024/07/25/us/gavin-newsom-executive-order-homeless-encampments/index.html
url167,https://www.cnn.com/2024/07/25/us/andrew-tate-florida-lawsuit/index.html
url168,https://www.cnn.com/2024/07/25/us/andrew-tate-florida-lawsuit/index.html
url169,https://www.cnn.com/2024/07/24/us/mayor-karen-bass-home-break-in-defendant-plea-deal/index.html
url170,https://www.cnn.com/2024/07/24/us/missouri-christopher-dunn-released/index.html
url171,https://www.cnn.com/2024/07/24/us/5-things-pm-july-24-trnd/index.html
url172,https://www.cnn.com/2024/07/24/us/sean-grayson-illinois-police-officer-shooting-sonya-massey/index.html
url173,https://www.cnn.com/2024/07/24/us/salman-rushdie-stabbing-suspect-terrorism-charges/index.html
url174,https://www.cnn.com/2024/07/24/us/michigan-atv-trump-signs/index.html
url175,https://www.cnn.com/2024/07/26/us/video/chico-california-wildfire-arson-arrest-evacuations-bernal-cnc-digvid
url176,https://www.cnn.com/2024/07/26/us/video/chico-california-wildfire-arson-arrest-evacuations-bernal-cnc-digvid
url177,https://www.cnn.com/2024/07/26/us/video/christopher-dunn-wife-lcl-digvid
url178,https://www.cnn.com/2024/07/26/us/video/christopher-dunn-wife-lcl-digvid
url179,https://www.cnn.com/2024/07/25/us/video/house-explosion-park-fire-california-digvid
url180,https://www.cnn.com/2024/07/25/us/video/house-explosion-park-fire-california-digvid
url181,https://www.cnn.com/2024/07/25/us/video/newsom-executive-order-homeless-encampments-california-chen-pkg-digvid
url182,https://www.cnn.com/2024/07/25/us/video/newsom-executive-order-homeless-encampments-california-chen-pkg-digvid
url183,https://www.cnn.com/2024/07/26/politics/fbi-trump-interview-assassination-attempt/index.html
url184,https://www.cnn.com/2024/07/26/politics/fbi-trump-interview-assassination-attempt/index.html
url185,https://www.cnn.com/2024/07/26/politics/martin-indyk-former-ambassador-to-israel-dies/index.html
url186,https://www.cnn.com/2024/07/26/politics/trump-netanyahu-meeting-mar-a-lago/index.html
url187,https://www.cnn.com/2024/07/25/politics/harris-netanyahu-israel-hamas-ceasefire/index.html
url188,https://www.cnn.com/2024/07/26/economy/us-pce-inflation-consumer-spending-june/index.html
url189,https://www.cnn.com/2024/07/26/economy/us-pce-inflation-consumer-spending-june/index.html
url190,https://www.cnn.com/2024/07/26/investing/man-group-robyn-grew-ai/index.html
url191,https://www.cnn.com/2024/07/26/economy/olympics-economics-paris-2024/index.html
url192,https://www.cnn.com/2024/07/26/business/lvmh-luxury-firms-china-slowdown/index.html
url193,https://www.cnn.com/2024/07/26/business/trump-crypto-bitcoin/index.html
url194,https://www.cnn.com/2024/07/25/us/texas-abortion-lawsuit-proceed-lizelle-gonzalez/index.html
url195,https://www.cnn.com/2024/07/25/us/texas-abortion-lawsuit-proceed-lizelle-gonzalez/index.html
url196,https://www.cnn.com/2024/07/25/us/death-valley-tourist-burned-feet/index.html
url197,https://www.cnn.com/2024/07/25/us/death-valley-tourist-burned-feet/index.html
url198,https://www.cnn.com/2024/07/25/us/andrew-tate-florida-lawsuit/index.html
url199,https://www.cnn.com/2024/07/25/us/andrew-tate-florida-lawsuit/index.html
url200,https://www.cnn.com/2024/07/24/us/mayor-karen-bass-home-break-in-defendant-plea-deal/index.html
url201,https://www.cnn.com/2024/07/24/us/mayor-karen-bass-home-break-in-defendant-plea-deal/index.html
url202,https://www.cnn.com/2024/07/24/us/missouri-christopher-dunn-released/index.html
url203,https://www.cnn.com/2024/07/24/us/missouri-christopher-dunn-released/index.html
url204,https://www.cnn.com/2024/07/24/us/5-things-pm-july-24-trnd/index.html
url205,https://www.cnn.com/2024/07/24/us/5-things-pm-july-24-trnd/index.html
url206,https://www.cnn.com/2024/07/24/us/sean-grayson-illinois-police-officer-shooting-sonya-massey/index.html
url207,https://www.cnn.com/2024/07/24/us/sean-grayson-illinois-police-officer-shooting-sonya-massey/index.html
url208,https://www.cnn.com/2024/07/24/us/salman-rushdie-stabbing-suspect-terrorism-charges/index.html
url209,https://www.cnn.com/2024/07/24/us/salman-rushdie-stabbing-suspect-terrorism-charges/index.html
url210,https://www.cnn.com/2024/07/24/us/michigan-atv-trump-signs/index.html
url211,https://www.cnn.com/2024/07/24/us/michigan-atv-trump-signs/index.html
url212,https://www.cnn.com/2024/05/30/us/kohberger-idaho-killings-pretrial-hearings/index.html
url213,https://www.cnn.com/2024/05/30/us/kohberger-idaho-killings-pretrial-hearings/index.html
url214,https://www.cnn.com/2024/07/23/us/video/new-video-trump-rally-shooting-aftermath-digvid
url215,https://www.cnn.com/2024/07/23/us/video/new-video-trump-rally-shooting-aftermath-digvid
url216,https://www.cnn.com/2024/07/23/us/sonya-massey-police-shooting-what-went-wrong/index.html
url217,https://www.cnn.com/2024/07/23/us/sonya-massey-police-shooting-what-went-wrong/index.html
url218,https://www.cnn.com/2024/07/26/economy/us-pce-inflation-consumer-spending-june/index.html
url219,https://www.cnn.com/2024/07/26/investing/man-group-robyn-grew-ai/index.html
url220,https://www.cnn.com/2024/07/26/economy/olympics-economics-paris-2024/index.html
url221,https://www.cnn.com/2024/07/26/economy/us-pce-inflation-consumer-spending-june/index.html
url222,https://www.cnn.com/2024/07/26/economy/us-pce-inflation-consumer-spending-june/index.html
url223,https://www.cnn.com/2024/07/26/investing/man-group-robyn-grew-ai/index.html
url224,https://www.cnn.com/2024/07/26/investing/man-group-robyn-grew-ai/index.html
url225,https://www.cnn.com/2024/07/26/economy/olympics-economics-paris-2024/index.html
url226,https://www.cnn.com/2024/07/26/economy/olympics-economics-paris-2024/index.html
url227,https://www.cnn.com/2024/07/26/business/lvmh-luxury-firms-china-slowdown/index.html
url228,https://www.cnn.com/2024/07/26/business/lvmh-luxury-firms-china-slowdown/index.html
url229,https://www.cnn.com/2024/07/26/business/trump-crypto-bitcoin/index.html
url230,https://www.cnn.com/2024/07/26/business/trump-crypto-bitcoin/index.html
url231,https://www.cnn.com/2024/07/26/business/russia-china-hong-kong-ukraine-sanctions-kuleba-hnk-intl/index.html
url232,https://www.cnn.com/2024/07/26/business/russia-china-hong-kong-ukraine-sanctions-kuleba-hnk-intl/index.html
url233,https://www.cnn.com/2024/07/26/business/reid-hoffman-kamala-harris-ftc-khan/index.html
url234,https://www.cnn.com/2024/07/26/business/reid-hoffman-kamala-harris-ftc-khan/index.html
url235,https://www.cnn.com/2024/07/26/business/more-starter-homes-cost-one-million-dollars/index.html
url236,https://www.cnn.com/2024/07/26/business/more-starter-homes-cost-one-million-dollars/index.html
url237,https://www.cnn.com/2024/07/25/media/sag-aftra-video-game-performers-strike/index.html
url238,https://www.cnn.com/2024/07/25/media/sag-aftra-video-game-performers-strike/index.html
url239,https://www.cnn.com/2024/07/26/business/ohio-restaurant-boneless-wings-lawsuit/index.html
url240,https://www.cnn.com/2024/07/26/business/ohio-restaurant-boneless-wings-lawsuit/index.html
url241,https://www.cnn.com/2024/07/25/tech/openai-artificial-intelligence-ai-search-engine/index.html
url242,https://www.cnn.com/2024/07/25/media/british-tabloid-battle-royal-family-prince-harry/index.html
url243,https://www.cnn.com/2024/07/25/business/passengers-delta-meltdown-stories/index.html
url244,https://www.cnn.com/2024/07/25/tech/kamala-harris-tech-industry-support/index.html
url245,https://www.cnn.com/2024/07/25/tech/elon-musk-daughter-vivian-jenna-wilson-criticizes-posts/index.html
url246,https://www.cnn.com/2024/07/25/business/california-supreme-court-uber-lyft-drivers-independent-contractors/index.html
url247,https://www.cnn.com/2024/07/25/media/gateway-pundit-bankruptcy-tossed-election-defamation/index.html
url248,https://www.cnn.com/2024/07/25/economy/us-economy-gdp-second-quarter/index.html
url249,https://www.cnn.com/2024/07/25/economy/takeaways-gdp-economy/index.html
url250,https://www.cnn.com/2024/07/25/investing/southwest-airlines-assigned-seats/index.html
url251,https://www.cnn.com/2024/07/24/business/boeing-doj-plea-deal/index.html
url252,https://www.cnn.com/2024/07/25/economy/wealth-tax-super-rich-oxfam-report/index.html
url253,https://www.cnn.com/2024/07/25/business/disney-hulu-and-max-launch-streaming-bundle-at-up-to-38-discount/index.html
url254,https://www.cnn.com/2024/07/26/business/video/ai-sport-olympics-gymnastics-fujitsu-mpa-hnk-spc
url255,https://www.cnn.com/2024/07/26/business/video/ai-sport-olympics-gymnastics-fujitsu-mpa-hnk-spc
url256,https://www.cnn.com/2024/07/25/business/video/ai-nex-sport-basketball-mpa-hnk-spc
url257,https://www.cnn.com/2024/07/25/business/video/ai-nex-sport-basketball-mpa-hnk-spc
url258,https://www.cnn.com/2024/07/25/business/video/rupert-murdoch-media-empire-feud-rutenberg-new-york-times-cnc-digvid
url259,https://www.cnn.com/2024/07/25/business/video/rupert-murdoch-media-empire-feud-rutenberg-new-york-times-cnc-digvid
url260,https://www.cnn.com/2024/07/25/business/video/nasa-boeing-starliner-astrounats-space-return-fisher-digvid
url261,https://www.cnn.com/2024/07/25/business/video/nasa-boeing-starliner-astrounats-space-return-fisher-digvid
url262,https://www.cnn.com/2024/07/23/business/crowdstrike-tech-nightcap/index.html
url263,https://www.cnn.com/2024/07/23/business/crowdstrike-tech-nightcap/index.html
url264,https://www.cnn.com/2024/07/23/business/overstock-website-relaunch/index.html
url265,https://www.cnn.com/2024/07/23/business/china-retirement-age-backlash-intl-hnk/index.html
url266,https://www.cnn.com/2024/07/22/business/misinformation-kamala-harris/index.html
url267,https://www.cnn.com/2024/07/22/business/misinformation-kamala-harris/index.html
url268,https://www.cnn.com/2024/07/22/investing/global-markets-rise-in-bidens-wake/index.html
url269,https://www.cnn.com/2024/07/22/tech/hackers-crowdstrike-outage-scams/index.html
url270,https://www.cnn.com/2024/07/22/media/us-russian-journalist-sentenced-to-6-5-years-in-jail-after-swift-secret-trial-in-russia/index.html
url271,https://www.cnn.com/2024/07/20/business/video/stranded-passengers-atlanta-global-outage-rosales-nr-digvid
url272,https://www.cnn.com/2024/07/20/business/video/stranded-passengers-atlanta-global-outage-rosales-nr-digvid
url273,https://www.cnn.com/2024/07/25/business/video/reid-hoffman-backing-kamala-harris-digvid
url274,https://www.cnn.com/2024/07/25/business/video/reid-hoffman-backing-kamala-harris-digvid
url275,https://www.cnn.com/2024/07/23/business/video/delta-cancellations-missing-luggage-digvid
url276,https://www.cnn.com/2024/07/23/business/video/delta-cancellations-missing-luggage-digvid
url277,https://www.cnn.com/2024/07/22/business/video/louis-vuitton-olympics-spc
url278,https://www.cnn.com/2024/07/22/business/video/louis-vuitton-olympics-spc
url279,https://www.cnn.com/2024/07/22/business/video/paris-olympics-eiffel-tower-stadium-spc
url280,https://www.cnn.com/2024/07/22/business/video/paris-olympics-eiffel-tower-stadium-spc
url281,https://www.cnn.com/2024/06/17/success/how-to-find-good-affordable-colleges/index.html
url282,https://www.cnn.com/2024/06/17/success/how-to-find-good-affordable-colleges/index.html
url283,https://www.cnn.com/2024/06/13/success/gallup-workers-economy-lonely-unhappy/index.html
url284,https://www.cnn.com/2024/06/13/success/gallup-workers-economy-lonely-unhappy/index.html
url285,https://www.cnn.com/2024/06/12/success/saving-under-high-interest-rates/index.html
url286,https://www.cnn.com/2024/06/12/success/saving-under-high-interest-rates/index.html
url287,https://www.cnn.com/2024/06/01/success/buying-house-in-retirement-mortgage/index.html
url288,https://www.cnn.com/2024/06/01/success/buying-house-in-retirement-mortgage/index.html
url289,https://www.cnn.com/2024/06/26/tech/al-michaels-ai-olympics/index.html
url290,https://www.cnn.com/2024/06/26/tech/al-michaels-ai-olympics/index.html
url291,https://www.cnn.com/2024/07/03/tech/google-ai-greenhouse-gas-emissions-environmental-impact/index.html
url292,https://www.cnn.com/2024/07/03/tech/google-ai-greenhouse-gas-emissions-environmental-impact/index.html
url293,https://www.cnn.com/2024/07/03/tech/elevenlabs-ai-celebrity-voices/index.html
url294,https://www.cnn.com/2024/07/03/tech/elevenlabs-ai-celebrity-voices/index.html
url295,https://www.cnn.com/2024/07/01/tech/meta-eu-competition-rules/index.html
url296,https://www.cnn.com/2024/07/01/tech/meta-eu-competition-rules/index.html
url297,https://www.cnn.com/2024/07/02/media/biden-mental-fitness/index.html
url298,https://www.cnn.com/2024/07/02/media/biden-mental-fitness/index.html
url299,https://www.cnn.com/2024/07/02/media/biden-interview-abc-george-stephanopoulos/index.html
url300,https://www.cnn.com/2024/07/02/media/biden-interview-abc-george-stephanopoulos/index.html
url301,https://www.cnn.com/2024/07/01/media/redbox-bankruptcy/index.html
url302,https://www.cnn.com/2024/07/01/media/redbox-bankruptcy/index.html
url303,https://www.cnn.com/2024/07/01/media/hunter-biden-sues-fox-news/index.html
url304,https://www.cnn.com/2024/07/01/media/hunter-biden-sues-fox-news/index.html
url305,https://www.cnn.com/2024/04/24/tech/nokia-moon-4g-network-nasa-spc/index.html
url306,https://www.cnn.com/2024/04/24/tech/nokia-moon-4g-network-nasa-spc/index.html
url307,https://www.cnn.com/2024/04/23/cars/electric-vehicle-sales-forecast-iea/index.html
url308,https://www.cnn.com/2024/03/01/tech/aiscout-app-soccer-scouting-spc-intl/index.html
url309,https://www.cnn.com/2024/07/26/economy/us-pce-inflation-consumer-spending-june/index.html
url310,https://www.cnn.com/2024/07/26/investing/man-group-robyn-grew-ai/index.html
url311,https://www.cnn.com/2024/07/26/economy/olympics-economics-paris-2024/index.html
url312,https://www.cnn.com/2024/07/25/tech/openai-artificial-intelligence-ai-search-engine/index.html
url313,https://www.cnn.com/2024/07/25/tech/openai-artificial-intelligence-ai-search-engine/index.html
url314,https://www.cnn.com/2024/07/25/tech/kamala-harris-tech-industry-support/index.html
url315,https://www.cnn.com/2024/07/25/tech/kamala-harris-tech-industry-support/index.html
url316,https://www.cnn.com/2024/07/25/tech/elon-musk-daughter-vivian-jenna-wilson-criticizes-posts/index.html
url317,https://www.cnn.com/2024/07/25/tech/elon-musk-daughter-vivian-jenna-wilson-criticizes-posts/index.html
url318,https://www.cnn.com/2024/07/25/tech/grindr-olympics-village-restrictions/index.html
url319,https://www.cnn.com/2024/07/25/tech/grindr-olympics-village-restrictions/index.html
url320,https://www.cnn.com/2024/07/25/tech/meta-non-consensual-deepfake-porn-oversight-board/index.html
url321,https://www.cnn.com/2024/07/25/tech/meta-non-consensual-deepfake-porn-oversight-board/index.html
url322,https://www.cnn.com/2024/07/25/tech/non-consensual-deepfake-pornography-callout/index.html
url323,https://www.cnn.com/2024/07/25/tech/non-consensual-deepfake-pornography-callout/index.html
url324,https://www.cnn.com/2024/07/25/tech/abu-dhabi-climate-tech-hnk-spc/index.html
url325,https://www.cnn.com/2024/07/25/tech/abu-dhabi-climate-tech-hnk-spc/index.html
url326,https://www.cnn.com/2024/07/23/tech/trump-taiwan-tsmc-chips-industry-hnk-intl/index.html
url327,https://www.cnn.com/2024/07/23/tech/trump-taiwan-tsmc-chips-industry-hnk-intl/index.html
url328,https://www.cnn.com/2024/07/18/tech/att-cyberattacks-data-privacy-laws/index.html
url329,https://www.cnn.com/2024/07/18/tech/att-cyberattacks-data-privacy-laws/index.html
url330,https://www.cnn.com/2024/07/17/tech/amazon-warehouses-prime-day-injuries-senate/index.html
url331,https://www.cnn.com/2024/07/17/tech/amazon-warehouses-prime-day-injuries-senate/index.html
url332,https://www.cnn.com/2024/07/17/tech/social-media-trump-assassination/index.html
url333,https://www.cnn.com/2024/07/17/tech/social-media-trump-assassination/index.html
url334,https://www.cnn.com/2024/07/11/tech/apple-pay-europe-mobile-wallets/index.html
url335,https://www.cnn.com/2024/07/11/tech/apple-pay-europe-mobile-wallets/index.html
url336,https://www.cnn.com/2024/07/10/tech/samsung-z-fold-flip-6/index.html
url337,https://www.cnn.com/2024/07/10/tech/samsung-z-fold-flip-6/index.html
url338,https://www.cnn.com/2024/07/10/tech/microsoft-openai-board-observer-seat/index.html
url339,https://www.cnn.com/2024/07/10/tech/microsoft-openai-board-observer-seat/index.html
url340,https://www.cnn.com/2024/07/26/investing/man-group-robyn-grew-ai/index.html
url341,https://www.cnn.com/2024/07/26/investing/man-group-robyn-grew-ai/index.html
url342,https://www.cnn.com/2024/07/26/economy/olympics-economics-paris-2024/index.html
url343,https://www.cnn.com/2024/07/26/business/lvmh-luxury-firms-china-slowdown/index.html
url344,https://www.cnn.com/2024/07/26/business/trump-crypto-bitcoin/index.html
url345,https://www.cnn.com/2024/07/26/economy/olympics-economics-paris-2024/index.html
url346,https://www.cnn.com/2024/07/26/economy/olympics-economics-paris-2024/index.html
url347,https://www.cnn.com/2024/07/26/business/lvmh-luxury-firms-china-slowdown/index.html
url348,https://www.cnn.com/2024/07/26/business/lvmh-luxury-firms-china-slowdown/index.html
url349,https://www.cnn.com/2024/07/18/health/dr-sanjay-gupta-analysis-trump/index.html
url350,https://www.cnn.com/2024/07/18/health/dr-sanjay-gupta-analysis-trump/index.html
url351,https://www.cnn.com/2024/07/18/health/womens-health-state-rankings-commonwealth-fund/index.html
url352,https://www.cnn.com/2024/07/18/health/womens-health-state-rankings-commonwealth-fund/index.html
url353,https://www.cnn.com/2024/07/16/health/bird-flu-cases-extreme-heat/index.html
url354,https://www.cnn.com/2024/07/16/health/bird-flu-cases-extreme-heat/index.html
url355,https://www.cnn.com/2024/07/16/health/988-suicide-lifeline-numbers/index.html
url356,https://www.cnn.com/2024/07/16/health/988-suicide-lifeline-numbers/index.html
url357,https://www.cnn.com/2024/07/15/health/malaria-vaccine-children-ivory-coast-intl-scli/index.html
url358,https://www.cnn.com/2024/07/15/health/malaria-vaccine-children-ivory-coast-intl-scli/index.html
url359,https://www.cnn.com/2024/07/17/health/long-covid-risk/index.html
url360,https://www.cnn.com/2024/07/17/health/long-covid-risk/index.html
url361,https://www.cnn.com/2024/07/25/health/americans-guns-protection-self-defense/index.html
url362,https://www.cnn.com/2024/07/25/health/infant-mortality-increase-2022-cdc/index.html
url363,https://www.cnn.com/2024/07/24/health/covid-19-water-polo-players-paris-olympics/index.html
url364,https://www.cnn.com/2024/07/24/health/lenacapavir-preventing-hiv-in-phase-3-study/index.html
url365,https://www.cnn.com/2024/07/24/health/blood-culture-vial-shortage/index.html
url366,https://www.cnn.com/2024/07/26/health/childless-adults-pew-research-wellness/index.html
url367,https://www.cnn.com/2024/07/26/health/childless-adults-pew-research-wellness/index.html
url368,https://www.cnn.com/2024/07/25/health/barbie-movie-gynecologist-influence-wellness/index.html
url369,https://www.cnn.com/2024/07/25/health/barbie-movie-gynecologist-influence-wellness/index.html
url370,https://www.cnn.com/2024/07/15/science/ancient-shark-fossil-ptychodus-great-white/index.html
url371,https://www.cnn.com/2024/07/15/science/ancient-shark-fossil-ptychodus-great-white/index.html
url372,https://www.cnn.com/2024/07/17/science/fireball-sighting-sonic-boom-nyc-nj/index.html
url373,https://www.cnn.com/2024/07/17/science/fireball-sighting-sonic-boom-nyc-nj/index.html
url374,https://www.cnn.com/2024/06/21/science/strawberry-full-moon-june-scn/index.html
url375,https://www.cnn.com/2024/06/21/science/strawberry-full-moon-june-scn/index.html
url376,https://www.cnn.com/2024/06/13/science/new-piranha-pacu-species-sauron-amazon-scn/index.html
url377,https://www.cnn.com/2024/06/13/science/new-piranha-pacu-species-sauron-amazon-scn/index.html
url378,https://www.cnn.com/2024/07/23/health/brain-care-score-depression-risk-wellness/index.html
url379,https://www.cnn.com/2024/07/23/health/brain-care-score-depression-risk-wellness/index.html
url380,https://www.cnn.com/2024/07/23/health/bowel-movement-frequency-gut-microbiome-wellness/index.html
url381,https://www.cnn.com/2024/07/22/health/marijuana-pregnancy-risk-wellness/index.html
url382,https://www.cnn.com/2024/07/21/health/habits-increase-happiness-wellness/index.html
url383,https://www.cnn.com/2024/07/17/health/psilocybin-brain-study-wellness/index.html
url384,https://www.cnn.com/2024/07/19/health/personalized-mobility-routine-wellness/index.html
url385,https://www.cnn.com/2024/07/08/health/carrots-vegetables-carotenoids-vitamins-wellness/index.html
url386,https://www.cnn.com/2024/07/18/health/tattoo-ink-permanent-makeup-contamination-wellness/index.html
url387,https://www.cnn.com/2024/07/18/health/tattoo-ink-permanent-makeup-contamination-wellness/index.html
url388,https://www.cnn.com/2024/07/17/health/endometriosis-ovarian-cancer-higher-risk-study-wellness/index.html
url389,https://www.cnn.com/2024/07/17/health/endometriosis-ovarian-cancer-higher-risk-study-wellness/index.html
url390,https://www.cnn.com/2024/07/17/health/boys-mental-health-niobe-way-wellness/index.html
url391,https://www.cnn.com/2024/07/17/health/boys-mental-health-niobe-way-wellness/index.html
url392,https://www.cnn.com/2024/07/17/health/long-term-care-residents-texas-power-outage-kff-health-news-partner/index.html
url393,https://www.cnn.com/2024/07/17/health/long-term-care-residents-texas-power-outage-kff-health-news-partner/index.html
url394,https://www.cnn.com/2024/07/16/health/fda-ftc-thc-snacks-letters/index.html
url395,https://www.cnn.com/2024/07/16/health/fda-ftc-thc-snacks-letters/index.html
url396,https://www.cnn.com/2024/07/25/entertainment/jennifer-aniston-jd-vance/index.html
url397,https://www.cnn.com/2024/07/25/entertainment/jennifer-aniston-jd-vance/index.html
url398,https://www.cnn.com/2024/07/25/entertainment/harvey-weinstein-hospital-covid-pneumonia/index.html
url399,https://www.cnn.com/2024/07/25/entertainment/harvey-weinstein-hospital-covid-pneumonia/index.html
url400,https://www.cnn.com/2024/07/25/entertainment/skibidi-toilet-explainer/index.html
url401,https://www.cnn.com/2024/07/25/entertainment/skibidi-toilet-explainer/index.html
url402,https://www.cnn.com/2024/07/24/entertainment/pop-stars-tiktok-2024-election/index.html
url403,https://www.cnn.com/2024/07/24/entertainment/pop-stars-tiktok-2024-election/index.html
url404,https://www.cnn.com/2024/07/24/entertainment/keanu-reeves-matrix-changed-my-life/index.html
url405,https://www.cnn.com/2024/07/24/entertainment/keanu-reeves-matrix-changed-my-life/index.html
url406,https://www.cnn.com/2024/07/24/entertainment/wayne-brady-family-remix/index.html
url407,https://www.cnn.com/2024/07/24/entertainment/wayne-brady-family-remix/index.html
url408,https://www.cnn.com/2024/07/24/entertainment/matthew-macfadyen-mr-darcy-pride-prejudice/index.html
url409,https://www.cnn.com/2024/07/24/entertainment/matthew-macfadyen-mr-darcy-pride-prejudice/index.html
url410,https://www.cnn.com/2024/07/25/entertainment/rupauls-drag-race-kamala-harris-cec/index.html
url411,https://www.cnn.com/2024/07/25/entertainment/rupauls-drag-race-kamala-harris-cec/index.html
url412,https://www.cnn.com/2024/07/25/entertainment/queer-eye-tan-france-paid-leave-parents/index.html
url413,https://www.cnn.com/2024/07/24/entertainment/wolverine-dougray-scott-actors-turned-down-roles/index.html
url414,https://www.cnn.com/2024/07/23/entertainment/disillusioned-with-biden-hollywood-is-now-energized-by-kamala-harris/index.html
url415,https://www.cnn.com/2024/07/24/entertainment/memes-kamala-harris/index.html
url416,https://www.cnn.com/2024/07/22/entertainment/charli-xcx-kamala-harris-brat-meme/index.html
url417,https://www.cnn.com/2024/07/23/entertainment/veep-creator-comedy-harris/index.html
url418,https://www.cnn.com/2024/07/22/entertainment/the-simpsons-predictions/index.html
url419,https://www.cnn.com/2024/07/22/entertainment/ryan-reynolds-hugh-jackman-madonna/index.html
url420,https://www.cnn.com/2024/07/22/entertainment/twisters-steven-spielberg-glen-powell/index.html
url421,https://www.cnn.com/2024/07/25/entertainment/ryan-reynolds-hugh-jackman-hot-ones/index.html
url422,https://www.cnn.com/2024/07/25/entertainment/ryan-reynolds-hugh-jackman-hot-ones/index.html
url423,https://www.cnn.com/2024/07/24/entertainment/jennifer-lopez-bridgerton-birthday/index.html
url424,https://www.cnn.com/2024/07/24/entertainment/jennifer-lopez-bridgerton-birthday/index.html
url425,https://www.cnn.com/2024/07/23/entertainment/deadpool-and-wolverine-review-ryan-reynolds-hugh-jackman/index.html
url426,https://www.cnn.com/2024/07/23/entertainment/deadpool-and-wolverine-review-ryan-reynolds-hugh-jackman/index.html
url427,https://www.cnn.com/2024/07/11/entertainment/fly-me-to-the-moon-review-scarlett-johansson-channing-tatum/index.html
url428,https://www.cnn.com/2024/07/11/entertainment/fly-me-to-the-moon-review-scarlett-johansson-channing-tatum/index.html
url429,https://www.cnn.com/2024/07/17/entertainment/twisters-review-glen-powell/index.html
url430,https://www.cnn.com/2024/07/17/entertainment/twisters-review-glen-powell/index.html
url431,https://www.cnn.com/2024/07/21/entertainment/house-of-the-dragon-season-2-episode-6-recap/index.html
url432,https://www.cnn.com/2024/07/21/entertainment/house-of-the-dragon-season-2-episode-6-recap/index.html
url433,https://www.cnn.com/2024/07/23/entertainment/maya-rudolph-snl-kamala-harris/index.html
url434,https://www.cnn.com/2024/07/23/entertainment/maya-rudolph-snl-kamala-harris/index.html
url435,https://www.cnn.com/2024/07/23/entertainment/bridgerton-season-4-everything-we-know/index.html
url436,https://www.cnn.com/2024/07/18/entertainment/twister-generation-of-storm-chasers/index.html
url437,https://www.cnn.com/2024/07/17/entertainment/shogun-emmys-history/index.html
url438,https://www.cnn.com/2024/07/16/entertainment/stranger-things-season-5-bts/index.html
url439,https://www.cnn.com/2024/07/21/entertainment/barbie-one-year-anniversary-cec/index.html
url440,https://www.cnn.com/2024/07/21/entertainment/barbie-one-year-anniversary-cec/index.html
url441,https://www.cnn.com/2024/07/12/entertainment/red-hulk-captain-trailer/index.html
url442,https://www.cnn.com/2024/07/16/entertainment/twisters-film-interviews-climate-change/index.html
url443,https://www.cnn.com/2024/07/03/entertainment/beverly-hills-cop-axel-f-review-eddie-murphy/index.html
url444,https://www.cnn.com/2024/07/06/entertainment/hugh-jackman-ryan-reynolds-deadpool-wolverine/index.html
url445,https://www.cnn.com/2024/07/24/style/art-of-climbing-simon-carter-intl-hnk/index.html
url446,https://www.cnn.com/2024/07/24/style/art-of-climbing-simon-carter-intl-hnk/index.html
url447,https://www.cnn.com/2024/07/25/style/taylor-swift-the-man-music-video/index.html
url448,https://www.cnn.com/2024/07/25/style/taylor-swift-the-man-music-video/index.html
url449,https://www.cnn.com/2024/07/25/style/diana-letters-housekeeper-intl-scli/index.html
url450,https://www.cnn.com/2024/07/25/style/diana-letters-housekeeper-intl-scli/index.html
url451,https://www.cnn.com/2024/07/25/style/puerto-rico-hair-discrimination/index.html
url452,https://www.cnn.com/2024/07/25/style/puerto-rico-hair-discrimination/index.html
url453,https://www.cnn.com/2024/07/23/style/brat-summer-green-explained/index.html
url454,https://www.cnn.com/2024/07/23/style/brat-summer-green-explained/index.html
url455,https://www.cnn.com/2024/07/23/style/paris-2024-olympic-art/index.html
url456,https://www.cnn.com/2024/07/23/style/paris-2024-olympic-art/index.html
url457,https://www.cnn.com/2024/07/24/style/gigi-hadid-midriff-top-lotw/index.html
url458,https://www.cnn.com/2024/07/24/style/gigi-hadid-midriff-top-lotw/index.html
url459,https://www.cnn.com/2024/07/23/style/video/mongolian-olympic-uniforms-designers-ldn-digvid
url460,https://www.cnn.com/2024/07/23/style/video/mongolian-olympic-uniforms-designers-ldn-digvid
url461,https://www.cnn.com/2024/07/24/style/underwater-roman-mosaic-scli-intl/index.html
url462,https://www.cnn.com/2024/07/24/style/underwater-roman-mosaic-scli-intl/index.html
url463,https://www.cnn.com/2024/07/23/style/hugo-awards-fraudulent-votes-intl-scli/index.html
url464,https://www.cnn.com/2024/06/03/style/franz-kafka-letter-writers-block-auction-intl-scli/index.html
url465,https://www.cnn.com/2024/06/03/style/franz-kafka-letter-writers-block-auction-intl-scli/index.html
url466,https://www.cnn.com/2024/06/02/style/tschabalala-self-artist-painting-black-bodies/index.html
url467,https://www.cnn.com/2024/05/31/style/princess-diana-exhibition-london-intl-scli-gbr/index.html
url468,https://www.cnn.com/2024/05/27/style/on-becoming-a-guinea-fowl-cannes-rungano-nyoni-interview-spc/index.html
url469,https://www.cnn.com/2024/05/27/style/on-becoming-a-guinea-fowl-cannes-rungano-nyoni-interview-spc/index.html
url470,https://www.cnn.com/2024/05/24/style/francis-bacon-painting-recovered-intl-scli/index.html
url471,https://www.cnn.com/2024/05/23/style/catherine-princess-wales-tatler-scli-intl/index.html
url472,https://www.cnn.com/2024/07/22/style/bond-tower-tirana-albania/index.html
url473,https://www.cnn.com/2024/07/22/style/bond-tower-tirana-albania/index.html
url474,https://www.cnn.com/2024/07/19/style/skywalkers-rooftopping-documentary-culture-queue/index.html
url475,https://www.cnn.com/2024/07/19/style/skywalkers-rooftopping-documentary-culture-queue/index.html
url476,https://www.cnn.com/2024/07/18/style/rome-ancient-papal-palace/index.html
url477,https://www.cnn.com/2024/07/18/style/rome-ancient-papal-palace/index.html
url478,https://www.cnn.com/2024/07/17/style/rajesh-vora-punjab-architecture-snap/index.html
url479,https://www.cnn.com/2024/07/17/style/rajesh-vora-punjab-architecture-snap/index.html
url480,https://www.cnn.com/2024/07/10/style/waf-awards-2024-best-new-architecture/index.html
url481,https://www.cnn.com/2024/07/10/style/waf-awards-2024-best-new-architecture/index.html
url482,https://www.cnn.com/2024/06/25/style/paris-2024-olympic-village/index.html
url483,https://www.cnn.com/2024/06/25/style/paris-2024-olympic-village/index.html
url484,https://www.cnn.com/2024/06/12/style/fumihiko-maki-architect-dies/index.html
url485,https://www.cnn.com/2024/06/12/style/fumihiko-maki-architect-dies/index.html
url486,https://www.cnn.com/2024/05/25/style/zhongnanhai-architecture-history-intl-hnk/index.html
url487,https://www.cnn.com/2024/05/25/style/zhongnanhai-architecture-history-intl-hnk/index.html
url488,https://www.cnn.com/2024/07/26/style/ukrainian-fashion-week-returns-war/index.html
url489,https://www.cnn.com/2024/07/26/style/ukrainian-fashion-week-returns-war/index.html
url490,https://www.cnn.com/2024/07/20/style/leather-clothes-summer-trend-lotw/index.html
url491,https://www.cnn.com/2024/07/20/style/leather-clothes-summer-trend-lotw/index.html
url492,https://www.cnn.com/2024/07/16/style/mongolia-olympic-uniform-2024/index.html
url493,https://www.cnn.com/2024/07/16/style/mongolia-olympic-uniform-2024/index.html
url494,https://www.cnn.com/2024/07/12/style/dress-codes-tennis-whites-wimbledon/index.html
url495,https://www.cnn.com/2024/07/12/style/dress-codes-tennis-whites-wimbledon/index.html
url496,https://www.cnn.com/2024/07/11/style/giorgio-armani-90-years-in-photos/index.html
url497,https://www.cnn.com/2024/07/11/style/giorgio-armani-90-years-in-photos/index.html
url498,https://www.cnn.com/2024/07/04/style/hong-kong-disneyland-dress-up-disneybound-intl-hnk/index.html
url499,https://www.cnn.com/2024/07/04/style/hong-kong-disneyland-dress-up-disneybound-intl-hnk/index.html
url500,https://www.cnn.com/2024/07/04/style/victoria-david-beckham-wedding-anniversary-purple-outfits/index.html
url501,https://www.cnn.com/2024/07/04/style/victoria-david-beckham-wedding-anniversary-purple-outfits/index.html
url502,https://www.cnn.com/2024/06/18/style/team-usa-olympic-uniforms-ralph-lauren/index.html
url503,https://www.cnn.com/2024/06/18/style/team-usa-olympic-uniforms-ralph-lauren/index.html
url504,https://www.cnn.com/2024/07/17/style/cloudboom-strike-spray-on-running-shoes/index.html
url505,https://www.cnn.com/2024/07/17/style/cloudboom-strike-spray-on-running-shoes/index.html
url506,https://www.cnn.com/2024/07/08/style/olympic-mascot-design-history/index.html
url507,https://www.cnn.com/2024/07/08/style/olympic-mascot-design-history/index.html
url508,https://www.cnn.com/2024/07/01/style/how-britains-political-parties-got-their-colors/index.html
url509,https://www.cnn.com/2024/07/01/style/how-britains-political-parties-got-their-colors/index.html
url510,https://www.cnn.com/2024/05/02/style/india-elections-purple-voter-ink-intl-hnk/index.html
url511,https://www.cnn.com/2024/05/02/style/india-elections-purple-voter-ink-intl-hnk/index.html
url512,https://www.cnn.com/2024/04/29/style/dodecahedron-roman-object-mystery-scn-scli-intl/index.html
url513,https://www.cnn.com/2024/04/29/style/dodecahedron-roman-object-mystery-scn-scli-intl/index.html
url514,https://www.cnn.com/2024/07/11/style/miss-ai-pageant-winner-kenza-layli/index.html
url515,https://www.cnn.com/2024/07/11/style/miss-ai-pageant-winner-kenza-layli/index.html
url516,https://www.cnn.com/2024/06/27/style/miss-ai-beauty-pageant-scli/index.html
url517,https://www.cnn.com/2024/06/27/style/miss-ai-beauty-pageant-scli/index.html
url518,https://www.cnn.com/2024/06/26/style/marissa-teijo-71-beauty-pageant-contestant-reaj/index.html
url519,https://www.cnn.com/2024/06/26/style/marissa-teijo-71-beauty-pageant-contestant-reaj/index.html
url520,https://www.cnn.com/2024/06/14/style/hot-rodent-men-celebrities/index.html
url521,https://www.cnn.com/2024/06/14/style/hot-rodent-men-celebrities/index.html
url522,https://www.cnn.com/2024/06/13/style/digital-dermatology-rise/index.html
url523,https://www.cnn.com/2024/06/13/style/digital-dermatology-rise/index.html
url524,https://www.cnn.com/2024/05/22/style/china-rihanna-fenty-beauty-promotion-intl-hnk/index.html
url525,https://www.cnn.com/2024/05/22/style/china-rihanna-fenty-beauty-promotion-intl-hnk/index.html
url526,https://www.cnn.com/2024/05/15/style/new-miss-usa-crowned-hawaii-savannah-gankiewicz/index.html
url527,https://www.cnn.com/2024/05/15/style/new-miss-usa-crowned-hawaii-savannah-gankiewicz/index.html
url528,https://www.cnn.com/2024/07/15/style/ambani-wedding-mumbai-modi-kardashian/index.html
url529,https://www.cnn.com/2024/07/15/style/ambani-wedding-mumbai-modi-kardashian/index.html
url530,https://www.cnn.com/2024/07/12/style/anant-ambani-radhika-merchant-wedding-mumbai-intl-hnk/index.html
url531,https://www.cnn.com/2024/07/12/style/anant-ambani-radhika-merchant-wedding-mumbai-intl-hnk/index.html
url532,https://www.cnn.com/2024/07/11/style/anant-ambani-wedding-events-intl-hnk/index.html
url533,https://www.cnn.com/2024/07/11/style/anant-ambani-wedding-events-intl-hnk/index.html
url534,https://www.cnn.com/2024/07/08/style/napoleon-pistols-sell-at-auction-intl-scli/index.html
url535,https://www.cnn.com/2024/07/08/style/napoleon-pistols-sell-at-auction-intl-scli/index.html
url536,https://www.cnn.com/2024/07/03/style/anant-ambani-radhika-merchant-wedding-preview-intl-hnk/index.html
url537,https://www.cnn.com/2024/07/03/style/anant-ambani-radhika-merchant-wedding-preview-intl-hnk/index.html
url538,https://www.cnn.com/2024/06/28/style/princess-diana-auction-intl-scli/index.html
url539,https://www.cnn.com/2024/06/28/style/princess-diana-auction-intl-scli/index.html
url540,https://www.cnn.com/2024/07/12/style/video/ambani-wedding-india-billionaire-ripley-pkg-digvid
url541,https://www.cnn.com/2024/07/12/style/video/ambani-wedding-india-billionaire-ripley-pkg-digvid
url542,https://www.cnn.com/2024/07/03/style/video/uk-election-political-parties-colors-digvid
url543,https://www.cnn.com/2024/07/03/style/video/uk-election-political-parties-colors-digvid
url544,https://www.cnn.com/2024/06/13/style/video/see-k-pop-star-greeted-by-thousands-of-fans-after-military-service
url545,https://www.cnn.com/2024/06/13/style/video/see-k-pop-star-greeted-by-thousands-of-fans-after-military-service
url546,https://www.cnn.com/2024/06/11/style/video/king-charles-portrait-vandalized-activists-foster-intl-digvid
url547,https://www.cnn.com/2024/06/11/style/video/king-charles-portrait-vandalized-activists-foster-intl-digvid
url548,https://www.cnn.com/2024/05/03/style/steve-mccurry-shaolin-monks-photo-intl-hnk-snap/index.html
url549,https://www.cnn.com/2024/05/03/style/steve-mccurry-shaolin-monks-photo-intl-hnk-snap/index.html
url550,https://www.cnn.com/2024/07/23/travel/school-field-trip-date-with-destiny/index.html
url551,https://www.cnn.com/2024/07/23/travel/school-field-trip-date-with-destiny/index.html
url552,https://www.cnn.com/2024/07/25/travel/yellowstone-biscuit-basin-explosion/index.html
url553,https://www.cnn.com/2024/07/25/travel/yellowstone-biscuit-basin-explosion/index.html
url554,https://www.cnn.com/2024/07/25/investing/southwest-airlines-assigned-seats/index.html
url555,https://www.cnn.com/2024/07/25/investing/southwest-airlines-assigned-seats/index.html
url556,https://www.cnn.com/2024/07/25/travel/germany-frankfurt-airport-climate-protest-intl-hnk/index.html
url557,https://www.cnn.com/2024/07/25/travel/germany-frankfurt-airport-climate-protest-intl-hnk/index.html
url558,https://www.cnn.com/2024/07/25/uk/british-police-beating-uk-airport-intl-hnk/index.html
url559,https://www.cnn.com/2024/07/25/uk/british-police-beating-uk-airport-intl-hnk/index.html
url560,https://www.cnn.com/2024/07/23/travel/passenger-compensation-delta-air-lines-outage/index.html
url561,https://www.cnn.com/2024/07/23/travel/passenger-compensation-delta-air-lines-outage/index.html
url562,https://www.cnn.com/2024/07/22/travel/venice-tourism-tax-millions-raised/index.html
url563,https://www.cnn.com/2024/07/22/travel/venice-tourism-tax-millions-raised/index.html
url564,https://www.cnn.com/2024/07/22/travel/mass-protest-on-spanish-island-mallorca-calls-for-limits-on-tourism/index.html
url565,https://www.cnn.com/2024/07/22/travel/mass-protest-on-spanish-island-mallorca-calls-for-limits-on-tourism/index.html
url566,https://www.cnn.com/2024/07/19/travel/video/mediterranean-sea-microplastic-pollution-nadeau-pkg-digvid
url567,https://www.cnn.com/2024/07/19/travel/video/mediterranean-sea-microplastic-pollution-nadeau-pkg-digvid
url568,https://www.cnn.com/2024/07/19/travel/calpe-fine-sunbed-hoggers-spain-intl-scli/index.html
url569,https://www.cnn.com/2024/07/19/travel/calpe-fine-sunbed-hoggers-spain-intl-scli/index.html
url570,https://www.cnn.com/2024/07/09/travel/singapore-approves-insects-consumption-intl-hnk/index.html
url571,https://www.cnn.com/2024/07/09/travel/singapore-approves-insects-consumption-intl-hnk/index.html
url572,https://www.cnn.com/2024/05/23/travel/star-wars-hotel-disney-jenny-nicholson-cec/index.html
url573,https://www.cnn.com/2024/05/23/travel/star-wars-hotel-disney-jenny-nicholson-cec/index.html
url574,https://www.cnn.com/2024/07/25/sport/tom-aspinall-ufc304-profile-spt-intl/index.html
url575,https://www.cnn.com/2024/07/25/sport/tom-aspinall-ufc304-profile-spt-intl/index.html
url576,https://www.cnn.com/2024/07/25/sport/andy-murray-olympics-singles-withdraw-intl-spt/index.html
url577,https://www.cnn.com/2024/07/25/sport/andy-murray-olympics-singles-withdraw-intl-spt/index.html
url578,https://www.cnn.com/2024/07/25/sport/sounkamba-sylla-headscarf-france-opening-ceremony-spt-intl/index.html
url579,https://www.cnn.com/2024/07/25/sport/sounkamba-sylla-headscarf-france-opening-ceremony-spt-intl/index.html
url580,https://www.cnn.com/2024/07/24/sport/paris-olympics-soccer-argentina-morocco-controversy-intl-hnk-spt/index.html
url581,https://www.cnn.com/2024/07/24/sport/paris-olympics-soccer-argentina-morocco-controversy-intl-hnk-spt/index.html
url582,https://www.cnn.com/2024/07/25/sport/uswnt-team-in-transition/index.html
url583,https://www.cnn.com/2024/07/25/sport/uswnt-team-in-transition/index.html
url584,https://www.cnn.com/2024/07/25/sport/paris-mayor-anne-hidalgo-olympic-games-spt-intl/index.html
url585,https://www.cnn.com/2024/07/25/sport/paris-mayor-anne-hidalgo-olympic-games-spt-intl/index.html
url586,https://www.cnn.com/2024/07/25/sport/matt-dawson-amputates-finger-olympics-intl-spt/index.html
url587,https://www.cnn.com/2024/07/25/sport/matt-dawson-amputates-finger-olympics-intl-spt/index.html
url588,https://www.cnn.com/2024/07/25/sport/team-usa-athletes-to-watch/index.html
url589,https://www.cnn.com/2024/07/25/sport/us-mens-soccer-defeat-france-olympics-spt-intl/index.html
url590,https://www.cnn.com/2024/07/25/sport/canadian-womens-soccer-drone-incident-spt-intl/index.html
url591,https://www.cnn.com/2024/07/25/sport/olympic-picasso/index.html
url592,https://www.cnn.com/2024/07/24/sport/olympic-security-checks-block-5000-spt-intl/index.html
url593,https://www.cnn.com/2024/07/24/sport/olympics-paris-suburbs-underfunded-clubs/index.html
url594,https://www.cnn.com/2024/07/23/sport/summer-olympics-war-conflict-timeline-spt-dg/index.html
url595,https://www.cnn.com/2024/07/23/sport/paris-olympics-security-threats-spt-intl/index.html
url596,https://www.cnn.com/2024/07/19/sport/chariots-of-fire-1924-paris-olympics-spt-intl/index.html
url597,https://www.cnn.com/2024/07/19/sport/chariots-of-fire-1924-paris-olympics-spt-intl/index.html
url598,https://www.cnn.com/2024/07/20/sport/zhou-guanyu-history-maker-profile-f1-spt-intl/index.html
url599,https://www.cnn.com/2024/07/20/sport/zhou-guanyu-history-maker-profile-f1-spt-intl/index.html
url600,https://www.cnn.com/2024/07/16/sport/olympics-athletes-compensated-medal-spt-intl/index.html
url601,https://www.cnn.com/2024/07/16/sport/olympics-athletes-compensated-medal-spt-intl/index.html
url602,https://www.cnn.com/2024/07/04/sport/hyrox-meg-jacoby-celia-duff-olympics-spt-intl/index.html
url603,https://www.cnn.com/2024/07/04/sport/hyrox-meg-jacoby-celia-duff-olympics-spt-intl/index.html
url604,https://www.cnn.com/2024/07/13/sport/soccer-player-jewish-teenager-germany-spt-intl/index.html
url605,https://www.cnn.com/2024/07/13/sport/soccer-player-jewish-teenager-germany-spt-intl/index.html
url606,https://www.cnn.com/2024/07/11/sport/stan-smith-tennis-fashion-icon-wimbledon-spt-intl/index.html
url607,https://www.cnn.com/2024/07/11/sport/stan-smith-tennis-fashion-icon-wimbledon-spt-intl/index.html
url608,https://www.cnn.com/2024/07/18/sport/adnan-khankan-muhammad-ali-judo-2024-paris-olympics-spt-intl/index.html
url609,https://www.cnn.com/2024/07/18/sport/adnan-khankan-muhammad-ali-judo-2024-paris-olympics-spt-intl/index.html
url610,https://www.cnn.com/2024/07/01/sport/ukraine-athletes-paris-olympics-spt-intl/index.html
url611,https://www.cnn.com/2024/07/01/sport/ukraine-athletes-paris-olympics-spt-intl/index.html
url612,https://www.cnn.com/2024/06/25/sport/ukraine-russia-olympics-iryna-kolyadenko-intl-spt/index.html
url613,https://www.cnn.com/2024/06/25/sport/ukraine-russia-olympics-iryna-kolyadenko-intl-spt/index.html
url614,https://www.cnn.com/2024/07/25/sport/video/andy-murray-paris-olympics-amanpour-ldn-digvid
url615,https://www.cnn.com/2024/07/25/sport/video/andy-murray-paris-olympics-amanpour-ldn-digvid
url616,https://www.cnn.com/2024/07/25/sport/video/olympics-shot-put-wire-cnni-sports-fast
url617,https://www.cnn.com/2024/07/25/sport/video/olympics-shot-put-wire-cnni-sports-fast
url618,https://www.cnn.com/2024/07/22/sport/video/inside-kenyan-running-machine-spc
url619,https://www.cnn.com/2024/07/22/sport/video/inside-kenyan-running-machine-spc
url620,https://www.cnn.com/2024/07/22/climate/video/air-purifiers-olympic-village-paris-cprog-ldn-digvid
url621,https://www.cnn.com/2024/07/22/climate/video/air-purifiers-olympic-village-paris-cprog-ldn-digvid
url622,https://www.cnn.com/2024/07/03/sport/video/shohei-ohtani-effect-los-angeles-dodgers-tourism-pkg-digvid
url623,https://www.cnn.com/2024/07/03/sport/video/shohei-ohtani-effect-los-angeles-dodgers-tourism-pkg-digvid
url624,https://www.cnn.com/2024/07/23/travel/video/paris-olympics-travel-tourists-ldn-digvid
url625,https://www.cnn.com/2024/07/23/travel/video/paris-olympics-travel-tourists-ldn-digvid
url626,https://www.cnn.com/2024/07/12/sport/video/messi-yamal-football-soccer-photo-riddell-monfort-pkg-0712aseg1-cnni-sport-fast
url627,https://www.cnn.com/2024/07/12/sport/video/messi-yamal-football-soccer-photo-riddell-monfort-pkg-0712aseg1-cnni-sport-fast
url628,https://www.cnn.com/2024/07/04/sport/video/two-women-are-at-the-forefront-of-a-body-breaking-fitness-race-with-olympic-aspirations
url629,https://www.cnn.com/2024/07/04/sport/video/two-women-are-at-the-forefront-of-a-body-breaking-fitness-race-with-olympic-aspirations
url630,https://www.cnn.com/2024/07/22/sport/video/esports-world-cup-gamers-spc
url631,https://www.cnn.com/2024/07/22/sport/video/esports-world-cup-gamers-spc
url632,https://www.cnn.com/2024/07/09/sport/video/saya-sakakibara-bmx-olympics-spt-intl-lon-orig
url633,https://www.cnn.com/2024/07/09/sport/video/saya-sakakibara-bmx-olympics-spt-intl-lon-orig
url634,https://www.cnn.com/2024/05/29/sport/video/real-madrid-stadium-underground-greenhouse-spt-intl-ldn-digvid
url635,https://www.cnn.com/2024/05/29/sport/video/real-madrid-stadium-underground-greenhouse-spt-intl-ldn-digvid
url636,https://www.cnn.com/2024/07/21/sport/xander-schauffele-open-championship-2024-win-spt-intl/index.html
url637,https://www.cnn.com/2024/07/21/sport/xander-schauffele-open-championship-2024-win-spt-intl/index.html
url638,https://www.cnn.com/2024/07/21/sport/blackrock-house-royal-troon-open-championship-spt-intl/index.html
url639,https://www.cnn.com/2024/07/21/sport/blackrock-house-royal-troon-open-championship-spt-intl/index.html
url640,https://www.cnn.com/2024/07/18/sport/tiger-woods-donald-trump-assassination-attempt-spt-intl/index.html
url641,https://www.cnn.com/2024/07/18/sport/tiger-woods-donald-trump-assassination-attempt-spt-intl/index.html
url642,https://www.cnn.com/2024/07/20/sport/kim-si-woo-hole-in-one-open-spt-intl/index.html
url643,https://www.cnn.com/2024/07/20/sport/kim-si-woo-hole-in-one-open-spt-intl/index.html
url644,https://www.cnn.com/2024/07/17/sport/enzo-fernandez-apologizes-argentina-racist-chant-spt-intl/index.html
url645,https://www.cnn.com/2024/07/17/sport/enzo-fernandez-apologizes-argentina-racist-chant-spt-intl/index.html
url646,https://www.cnn.com/2024/07/16/sport/kylian-mbappe-real-madrid-unveiling-spt-intl/index.html
url647,https://www.cnn.com/2024/07/16/sport/kylian-mbappe-real-madrid-unveiling-spt-intl/index.html
url648,https://www.cnn.com/2024/07/16/sport/gareth-southgate-leaves-england-mens-team-euro-2024-final-spt-intl/index.html
url649,https://www.cnn.com/2024/07/16/sport/gareth-southgate-leaves-england-mens-team-euro-2024-final-spt-intl/index.html
url650,https://www.cnn.com/2024/07/12/sport/greece-euro-2004-title-miracle-anniversary-spt-intl/index.html
url651,https://www.cnn.com/2024/07/12/sport/greece-euro-2004-title-miracle-anniversary-spt-intl/index.html
url652,https://www.cnn.com/2024/07/22/sport/nuno-borges-rafael-nadal-swedish-open-spt-intl/index.html
url653,https://www.cnn.com/2024/07/22/sport/nuno-borges-rafael-nadal-swedish-open-spt-intl/index.html
url654,https://www.cnn.com/2024/07/14/sport/kate-wimbledon-prince-william-euros-spt-intl-scli/index.html
url655,https://www.cnn.com/2024/07/14/sport/kate-wimbledon-prince-william-euros-spt-intl-scli/index.html
url656,https://www.cnn.com/2024/07/13/sport/wimbledon-paolini-krejcikova-womens-final-spt-intl/index.html
url657,https://www.cnn.com/2024/07/13/sport/wimbledon-paolini-krejcikova-womens-final-spt-intl/index.html
url658,https://www.cnn.com/2024/07/10/sport/carlos-alcaraz-tommy-paul-wimbledon-spt-intl/index.html
url659,https://www.cnn.com/2024/07/10/sport/carlos-alcaraz-tommy-paul-wimbledon-spt-intl/index.html
url660,https://www.cnn.com/2024/07/24/sport/usa-women-basketball-germany-paris-2024-spt-intl/index.html
url661,https://www.cnn.com/2024/07/24/sport/usa-women-basketball-germany-paris-2024-spt-intl/index.html
url662,https://www.cnn.com/2024/07/23/sport/st-louis-cardinals-home-run-celebrations-trump-spt-intl/index.html
url663,https://www.cnn.com/2024/07/23/sport/st-louis-cardinals-home-run-celebrations-trump-spt-intl/index.html
url664,https://www.cnn.com/2024/07/22/sport/lebron-james-flag-bearer-olympics-spt-intl/index.html
url665,https://www.cnn.com/2024/07/22/sport/lebron-james-flag-bearer-olympics-spt-intl/index.html
url666,https://www.cnn.com/2024/07/21/sport/utah-state-football-player-apparent-drowning-spt/index.html
url667,https://www.cnn.com/2024/07/21/sport/utah-state-football-player-apparent-drowning-spt/index.html
